status_id,status_message,link_name,status_type,status_link,status_published,num_reactions,num_comments,num_shares,num_likes,num_loves,num_wows,num_hahas,num_sads,num_angrys
17774451468_10154154735571469,It's time for Mr Bean and Teddy to get ready for their camping trip!,Mr Bean - Preparing To Go Camping,video,https://youtu.be/fgURU75gTMQ,2016-06-23 11:35:48,16570,223,338,16079,166,6,320,0,0
17774451468_10154146584106469,,Timeline Photos,photo,https://www.facebook.com/MrBean/photos/a.10150124817766469.327854.17774451468/10154146584106469/?type=3,2016-06-21 10:00:01,119886,2171,1657,114008,946,104,4795,16,17
17774451468_10154135502911469,,Timeline Photos,photo,https://www.facebook.com/MrBean/photos/a.10150124817766469.327854.17774451468/10154135502911469/?type=3,2016-06-19 10:00:01,235852,2395,10050,218579,2988,188,13992,52,53
17774451468_10154138120151469,Mr Bean is ready to do some shopping but beware - Teddy Thieves are on the loose!,www.youtube.com,video,https://www.youtube.com/watch?v=58Z8J0PbLS8,2016-06-18 11:00:02,20913,214,257,20338,211,20,336,0,8
17774451468_10154135502476469,,Timeline Photos,photo,https://www.facebook.com/MrBean/photos/a.10150124817766469.327854.17774451468/10154135502476469/?type=3,2016-06-17 09:00:01,223602,880,2228,215591,2872,259,4814,27,39
17774451468_10154136175231469,Mr. Bean's sweet treat causes him pain!,Mr Bean - Broken Tooth,video,https://www.youtube.com/watch?v=t7C_a4xIuSM,2016-06-16 12:00:06,24742,231,448,23977,245,19,489,9,3
17774451468_10154121339141469,"Mr Bean's chasing a ray of sunshine!
https://www.youtube.com/watch?v=c-AhlualVO0",Mr Bean - Ray Of Sunshine,video,https://www.youtube.com/watch?v=c-AhlualVO0,2016-06-14 10:00:00,21886,235,471,21246,238,11,389,2,0
17774451468_10154105000496469,"Mr Bean is enjoying the sunshine....that is until someone gets in the way!
https://youtu.be/EB_HBrKEgzM",Mr Bean - Sun Block,video,https://youtu.be/EB_HBrKEgzM,2016-06-06 10:00:00,22015,326,546,21293,225,21,475,0,1
17774451468_10154014535186469,,Timeline Photos,photo,https://www.facebook.com/MrBean/photos/a.10150124817766469.327854.17774451468/10154014535186469/?type=3,2016-06-03 10:00:01,196913,976,9849,190476,2556,136,3656,59,30
17774451468_10154025592666469,,Timeline Photos,photo,https://www.facebook.com/MrBean/photos/a.10150124817766469.327854.17774451468/10154025592666469/?type=3,2016-06-01 10:00:00,196366,859,5378,190857,2991,239,2234,20,25
17774451468_10154072967136469,Mr Bean competes with a Royal Guard.  Can he break his focus? https://www.youtube.com/watch?v=hcSP39U4EgU,www.youtube.com,video,https://www.youtube.com/watch?v=hcSP39U4EgU,2016-05-31 10:00:00,30109,262,905,28906,299,29,867,5,3
17774451468_10154014536466469,,Timeline Photos,photo,https://www.facebook.com/MrBean/photos/a.10150124817766469.327854.17774451468/10154014536466469/?type=3,2016-05-26 10:00:00,233121,1332,3423,218235,2512,339,11961,30,43
17774451468_10154072994046469,"HAPPY GEEK PRIDE DAY! Watch Mr Bean's geeky moments.
https://youtu.be/6aK2CKrdjbE",Mr Bean - Chemistry experiment,video,https://youtu.be/6aK2CKrdjbE,2016-05-25 10:00:00,27752,330,1447,26498,331,20,896,2,4
17774451468_10154039749311469,"Cooking Sunday lunch? Here's how not to do it! 
https://www.youtube.com/watch?v=2545atoypgs",Mr Bean - Dinner for Two,video,https://www.youtube.com/watch?v=2545atoypgs,2016-05-22 10:00:01,19154,214,588,18491,177,15,467,2,2
17774451468_10154014534886469,,Timeline Photos,photo,https://www.facebook.com/MrBean/photos/a.10150124817766469.327854.17774451468/10154014534886469/?type=3,2016-05-19 10:00:02,167980,1218,3695,157505,1108,172,9128,31,36
17774451468_10154039747541469,"Mr Bean shows you how to get that all important parking spot! 
https://www.youtube.com/watch?v=LtQyyzpzvV0",www.youtube.com,video,https://www.youtube.com/watch?v=LtQyyzpzvV0,2016-05-17 10:00:01,12179,156,194,11824,128,9,216,1,1
17774451468_10154038150786469,"Having sleeping troubles? Let Mr. Bean show you how to best count sheep. 
https://www.youtube.com/watch?v=2HGXTMoGWGA",www.youtube.com,video,https://www.youtube.com/watch?v=2HGXTMoGWGA,2016-05-12 10:00:00,11419,264,325,11007,110,7,293,2,0
17774451468_10154014534111469,,Timeline Photos,photo,https://www.facebook.com/MrBean/photos/a.10150124817766469.327854.17774451468/10154014534111469/?type=3,2016-05-11 10:00:00,272955,2759,6584,258111,1637,205,12898,21,34
17774451468_10154038146951469,"Happy Mother's Day!  Aren't you glad Mr. Bean's not your Mum.
https://www.youtube.com/watch?v=UGYJSC7l7Lg",Mr. Bean - How to stop a baby from crying,video,https://www.youtube.com/watch?v=UGYJSC7l7Lg,2016-05-08 06:00:00,48030,522,2395,45624,592,30,1623,12,4
17774451468_10154040348126469,"Brand New Friday Fun! 
Will Mr Bean get his ""Just Desserts""",Timeline Photos,photo,https://www.facebook.com/MrBean/photos/a.10150124817766469.327854.17774451468/10154040348126469/?type=3,2016-05-06 10:00:01,58541,480,1734,56140,613,55,1708,3,11
17774451468_10154038115216469,"Relive the very best of Mr. Bean's very worst moments!
https://www.youtube.com/watch?v=ycNHISztqTo",Mr. Bean - Embarrassing Moments Compilation,video,https://www.youtube.com/watch?v=ycNHISztqTo,2016-05-04 10:01:56,28539,416,1931,26821,395,30,1287,4,2
17774451468_10153934503731469,"It's International Dance Day! Mr Bean has got dancing feet, do you?
https://www.youtube.com/watch?v=FreVBXXyyME",Mr. Bean (NEW Series) - Dancing Bean,video,https://www.youtube.com/watch?v=FreVBXXyyME,2016-04-29 10:00:01,22619,284,516,22036,199,13,366,2,3
17774451468_10154014533361469,Caption this...,Timeline Photos,photo,https://www.facebook.com/MrBean/photos/a.10150124817766469.327854.17774451468/10154014533361469/?type=3,2016-04-28 10:00:01,299330,3605,6443,287368,2508,240,9149,26,36
17774451468_10153934503036469,"Monday mornings, Mr. Bean style!
https://www.youtube.com/watch?v=pLu50mAoXxo",Mr. Bean - Alarm Clock,video,https://www.youtube.com/watch?v=pLu50mAoXxo,2016-04-25 10:00:01,34144,360,1878,32687,390,26,1031,4,6
17774451468_10153934497106469,"Happy Earth Day! Mr Bean is doing his bit to look after the Earth, are you?
https://www.youtube.com/watch?v=FwSQNpd-PuQ",Mr Bean (NEW series) - Litterbugs Clip,video,https://www.youtube.com/watch?v=FwSQNpd-PuQ,2016-04-22 10:00:03,29631,293,794,28880,315,22,410,0,3
17774451468_10154012413456469,,Timeline Photos,photo,https://www.facebook.com/MrBean/photos/a.10150124817766469.327854.17774451468/10154012413456469/?type=3,2016-04-21 10:00:02,305983,1388,7561,296668,3829,334,5075,13,64
17774451468_10153961843991469,,Timeline Photos,photo,https://www.facebook.com/MrBean/photos/a.10150124817766469.327854.17774451468/10153961843991469/?type=3,2016-04-18 10:00:01,133245,983,2286,128606,898,130,3546,53,11
17774451468_10153934496066469,"Mr. Bean demonstrates the correct etiquette when eating at a restaurant.
https://www.youtube.com/watch?v=iZAXuVBuh70",Mr Bean - Restaurant Etiquette,video,https://www.youtube.com/watch?v=iZAXuVBuh70,2016-04-16 10:00:02,25504,299,575,24409,323,19,750,0,3
17774451468_10153874172386469,,Timeline Photos,photo,https://www.facebook.com/MrBean/photos/a.10150124817766469.327854.17774451468/10153874172386469/?type=3,2016-04-15 10:00:03,331512,4522,19652,318173,1884,232,10821,241,161
17774451468_10153934495091469,"Warning: Don't try this at home!
https://www.youtube.com/watch?v=ExuzMIB37v8",Mr. Bean - Fixing Your Own Teeth,video,https://www.youtube.com/watch?v=ExuzMIB37v8,2016-04-13 10:00:00,39186,385,2106,37247,458,29,1440,5,7
17774451468_10153934494286469,"Happy Golfer's Day! Fancy some golfing tips from Mr. Bean?
https://www.youtube.com/watch?v=tvl83EHZQ7A",Mr Bean - Crazy Golf,video,https://www.youtube.com/watch?v=tvl83EHZQ7A,2016-04-10 10:00:01,11564,232,886,10951,195,14,398,3,3
17774451468_10153961842051469,,Timeline Photos,photo,https://www.facebook.com/MrBean/photos/a.10150124817766469.327854.17774451468/10153961842051469/?type=3,2016-04-08 10:00:00,470129,5738,18989,451036,6975,347,11661,68,42
17774451468_10153934494731469,"Summer is coming and you know what that means…ice cream! 
https://www.youtube.com/watch?v=CnstTpAA79A",Mr. Bean (NEW series) - Ice Cream,video,https://www.youtube.com/watch?v=CnstTpAA79A,2016-04-06 10:01:30,18682,204,614,18154,209,18,292,2,7
17774451468_10153934490941469,"Mr. Bean tries, before he buys! 
https://www.youtube.com/watch?v=RkQ1FqAi9A8",Mr. Bean - Shopping for Towels,video,https://www.youtube.com/watch?v=RkQ1FqAi9A8,2016-04-03 10:00:01,24096,351,1684,22888,359,13,825,1,10
17774451468_10153961833406469,,Timeline Photos,photo,https://www.facebook.com/MrBean/photos/a.10150124817766469.327854.17774451468/10153961833406469/?type=3,2016-04-01 11:00:01,72606,467,1835,70388,505,76,1594,21,22
17774451468_10153961832641469,,Timeline Photos,photo,https://www.facebook.com/MrBean/photos/a.10150124817766469.327854.17774451468/10153961832641469/?type=3,2016-04-01 10:00:00,136609,862,2943,131976,1329,208,3065,10,21
17774451468_10153870047526469,"What could it be…?
https://www.youtube.com/watch?v=GI9KNDuta2Q",Mr. Bean - Mystery creature,video,https://www.youtube.com/watch?v=GI9KNDuta2Q,2016-03-31 10:00:00,16370,193,526,15887,177,9,291,2,4
17774451468_10153870049921469,"Mr. Bean's unusual way of changing his money.
https://www.youtube.com/watch?v=DUw-VpbebzU",Mr. Bean - Saxophone Player,video,https://www.youtube.com/watch?v=DUw-VpbebzU,2016-03-29 10:00:00,17157,264,1194,16411,208,17,511,2,8
17774451468_10153934484801469,Did you find all 11 easter eggs? HAPPY EASTER!!,Timeline Photos,photo,https://www.facebook.com/MrBean/photos/a.10150124817766469.327854.17774451468/10153934484801469/?type=3,2016-03-27 10:00:01,94598,832,2390,92290,941,90,1239,18,20
17774451468_10153931593166469,Teddy has hidden 11 easter eggs but Mr Bean can't find any of them! Can you help him find all 11 eggs in time for Easter? Check back tomorrow for answers.,Timeline Photos,photo,https://www.facebook.com/MrBean/photos/a.10150124817766469.327854.17774451468/10153931593166469/?type=3,2016-03-26 11:00:01,15312,460,939,14838,218,24,224,1,7
17774451468_10153870045441469,"When a simple ""excuse me"" won't do!
https://www.youtube.com/watch?v=YQEOlZRVRuo",Mr. Bean - Elderly people on stairs,video,https://www.youtube.com/watch?v=YQEOlZRVRuo,2016-03-23 11:00:01,26237,588,1684,25079,346,11,794,1,6
17774451468_10153927291101469,"Rowan Atkinson officially says he will never wave goodbye to Mr Bean! Check out the Radio Times article below. 

http://www.radiotimes.com/news/2016-03-21/rowan-atkinson-i-will-never-wave-goodbye-to-mr-bean",Rowan Atkinson: I will never wave goodbye to Mr Bean,link,http://www.radiotimes.com/news/2016-03-21/rowan-atkinson-i-will-never-wave-goodbye-to-mr-bean,2016-03-22 11:00:01,98365,1133,2581,94349,2426,129,1431,21,9
17774451468_10153910039511469,It's International Day of Happiness today! Spread the love by tagging your friends in this video of Mr. Bean's happiest moments and share happy thoughts with all your favourite people. #internationaldayofhappiness #beanhappy,Mr. Bean's Happy Moments,video,https://www.facebook.com/MrBean/videos/10153910039511469/,2016-03-20 11:00:01,232440,6745,41910,212499,7962,240,11689,22,27
17774451468_10153870042766469,"Mr Bean was ahead of his time with his dance moves  
https://www.youtube.com/watch?v=YC34lSwLDUg",Mr. Bean - At the Disco,video,https://www.youtube.com/watch?v=YC34lSwLDUg,2016-03-18 11:00:01,16863,359,6,15987,219,12,636,3,6
17774451468_10153880371501469,,Timeline Photos,photo,https://www.facebook.com/MrBean/photos/a.10150124817766469.327854.17774451468/10153880371501469/?type=3,2016-03-17 11:00:01,144332,1012,5744,141303,1301,113,1578,14,23
17774451468_10153909441406469,,Timeline Photos,photo,https://www.facebook.com/MrBean/photos/a.10150124817766469.327854.17774451468/10153909441406469/?type=3,2016-03-16 11:00:00,282389,4509,19375,266105,2333,406,13475,26,44
17774451468_10153870041846469,"Happy Napping Day! Mr. Bean always makes time for a nap!
https://www.youtube.com/watch?v=2SgqPejO7s0",Mr. Bean - Sneezing and Snoozing In Church,video,https://www.youtube.com/watch?v=2SgqPejO7s0,2016-03-14 11:00:01,19254,319,1526,18370,266,20,589,2,7
17774451468_10153874171436469,Happy Friday!,Timeline Photos,photo,https://www.facebook.com/MrBean/photos/a.10150124817766469.327854.17774451468/10153874171436469/?type=3,2016-03-11 11:00:02,325558,4274,11754,313017,2482,278,9696,37,48
17774451468_10153870038956469,"Its Pack Your Lunch Day!!! Mr Bean has made his packed lunch, have you?
https://www.youtube.com/watch?v=B84pS6JTI9A",Mr. Bean - Making A Sandwich,video,https://www.youtube.com/watch?v=B84pS6JTI9A,2016-03-10 11:00:01,29120,558,3607,27500,480,22,1111,4,3
17774451468_10153869532956469,"A different twist on a classic sleeping method!
https://www.youtube.com/watch?v=kO6tn-at4UQ",Mr. Bean - Counting Sheep.,video,https://www.youtube.com/watch?v=kO6tn-at4UQ,2016-03-08 11:00:00,19725,294,1489,18847,309,21,544,0,4
17774451468_10153869532721469,"What score out of 10 would you award Mr Bean for this high dive?
https://www.youtube.com/watch?v=dzU0M9tPezI",Mr. Bean - High Dive,video,https://www.youtube.com/watch?v=dzU0M9tPezI,2016-03-05 11:00:04,25261,647,1715,23946,388,33,882,5,7
17774451468_10153874170156469,Happy Friday!!,Timeline Photos,photo,https://www.facebook.com/MrBean/photos/a.10150124817766469.327854.17774451468/10153874170156469/?type=3,2016-03-04 11:03:00,285043,3361,21857,274426,2070,351,7828,296,72
17774451468_10153869532346469,"Mr Bean and Teddy learn a valuable lesson about messing around with lifts!

https://www.youtube.com/watch?v=qkNOwkgxXx4",Mr. Bean (NEW series) - The Lift,video,https://www.youtube.com/watch?v=qkNOwkgxXx4,2016-03-02 13:00:02,18379,226,481,17896,202,27,242,4,7
17774451468_10153785572806469,"Mr. Bean is having fun at the Country Fete, not sure anyone else is!
https://www.youtube.com/watch?v=bRpUauseTVw",Mr Bean - Country fete games -- Volksfest Spiele,video,https://www.youtube.com/watch?v=bRpUauseTVw,2016-02-28 11:00:02,30285,403,2010,28857,427,34,956,5,6
17774451468_10153854612401469,"Look at this AMAZING Mr. Bean made out of Lego by Brothers Brick! Do you remember this scene? Click below to watch it!

http://www.brothers-brick.com/2016/02/10/even-in-lego-mr-bean-travels-in-comfort/","Even in LEGO, Mr. Bean travels in comfort | The Brothers Brick | LEGO Blog",link,http://www.brothers-brick.com/2016/02/10/even-in-lego-mr-bean-travels-in-comfort/,2016-02-26 11:00:01,31377,547,1145,29372,830,171,982,4,18
17774451468_10153785571776469,"Watch Mr Bean plan his great escape…
https://www.youtube.com/watch?v=SDEyJEoyZKs",Mr Bean - Prison Break,video,https://www.youtube.com/watch?v=SDEyJEoyZKs,2016-02-25 11:00:06,22559,216,688,21741,259,35,510,3,11
