"name","education","income","women","prestige","census","type"
"gov.administrators",13.11,12351,11.16,68.8,1113,"prof"
"general.managers",12.26,25879,4.02,69.1,1130,"prof"
"accountants",12.77,9271,15.7,63.4,1171,"prof"
"purchasing.officers",11.42,8865,9.11,56.8,1175,"prof"
"chemists",14.62,8403,11.68,73.5,2111,"prof"
"physicists",15.64,11030,5.13,77.6,2113,"prof"
"biologists",15.09,8258,25.65,72.6,2133,"prof"
"architects",15.44,14163,2.69,78.1,2141,"prof"
"civil.engineers",14.52,11377,1.03,73.1,2143,"prof"
"mining.engineers",14.64,11023,0.94,68.8,2153,"prof"
"surveyors",12.39,5902,1.91,62,2161,"prof"
"draughtsmen",12.3,7059,7.83,60,2163,"prof"
"computer.programers",13.83,8425,15.33,53.8,2183,"prof"
"economists",14.44,8049,57.31,62.2,2311,"prof"
"psychologists",14.36,7405,48.28,74.9,2315,"prof"
"social.workers",14.21,6336,54.77,55.1,2331,"prof"
"lawyers",15.77,19263,5.13,82.3,2343,"prof"
"librarians",14.15,6112,77.1,58.1,2351,"prof"
"vocational.counsellors",15.22,9593,34.89,58.3,2391,"prof"
"ministers",14.5,4686,4.14,72.8,2511,"prof"
"university.teachers",15.97,12480,19.59,84.6,2711,"prof"
"primary.school.teachers",13.62,5648,83.78,59.6,2731,"prof"
"secondary.school.teachers",15.08,8034,46.8,66.1,2733,"prof"
"physicians",15.96,25308,10.56,87.2,3111,"prof"
"veterinarians",15.94,14558,4.32,66.7,3115,"prof"
"osteopaths.chiropractors",14.71,17498,6.91,68.4,3117,"prof"
"nurses",12.46,4614,96.12,64.7,3131,"prof"
"nursing.aides",9.45,3485,76.14,34.9,3135,"bc"
"physio.therapsts",13.62,5092,82.66,72.1,3137,"prof"
"pharmacists",15.21,10432,24.71,69.3,3151,"prof"
"medical.technicians",12.79,5180,76.04,67.5,3156,"wc"
"commercial.artists",11.09,6197,21.03,57.2,3314,"prof"
"radio.tv.announcers",12.71,7562,11.15,57.6,3337,"wc"
"athletes",11.44,8206,8.13,54.1,3373,NA
"secretaries",11.59,4036,97.51,46,4111,"wc"
"typists",11.49,3148,95.97,41.9,4113,"wc"
"bookkeepers",11.32,4348,68.24,49.4,4131,"wc"
"tellers.cashiers",10.64,2448,91.76,42.3,4133,"wc"
"computer.operators",11.36,4330,75.92,47.7,4143,"wc"
"shipping.clerks",9.17,4761,11.37,30.9,4153,"wc"
"file.clerks",12.09,3016,83.19,32.7,4161,"wc"
"receptionsts",11.04,2901,92.86,38.7,4171,"wc"
"mail.carriers",9.22,5511,7.62,36.1,4172,"wc"
"postal.clerks",10.07,3739,52.27,37.2,4173,"wc"
"telephone.operators",10.51,3161,96.14,38.1,4175,"wc"
"collectors",11.2,4741,47.06,29.4,4191,"wc"
"claim.adjustors",11.13,5052,56.1,51.1,4192,"wc"
"travel.clerks",11.43,6259,39.17,35.7,4193,"wc"
"office.clerks",11,4075,63.23,35.6,4197,"wc"
"sales.supervisors",9.84,7482,17.04,41.5,5130,"wc"
"commercial.travellers",11.13,8780,3.16,40.2,5133,"wc"
"sales.clerks",10.05,2594,67.82,26.5,5137,"wc"
"newsboys",9.62,918,7,14.8,5143,NA
"service.station.attendant",9.93,2370,3.69,23.3,5145,"bc"
"insurance.agents",11.6,8131,13.09,47.3,5171,"wc"
"real.estate.salesmen",11.09,6992,24.44,47.1,5172,"wc"
"buyers",11.03,7956,23.88,51.1,5191,"wc"
"firefighters",9.47,8895,0,43.5,6111,"bc"
"policemen",10.93,8891,1.65,51.6,6112,"bc"
"cooks",7.74,3116,52,29.7,6121,"bc"
"bartenders",8.5,3930,15.51,20.2,6123,"bc"
"funeral.directors",10.57,7869,6.01,54.9,6141,"bc"
"babysitters",9.46,611,96.53,25.9,6147,NA
"launderers",7.33,3000,69.31,20.8,6162,"bc"
"janitors",7.11,3472,33.57,17.3,6191,"bc"
"elevator.operators",7.58,3582,30.08,20.1,6193,"bc"
"farmers",6.84,3643,3.6,44.1,7112,NA
"farm.workers",8.6,1656,27.75,21.5,7182,"bc"
"rotary.well.drillers",8.88,6860,0,35.3,7711,"bc"
"bakers",7.54,4199,33.3,38.9,8213,"bc"
"slaughterers.1",7.64,5134,17.26,25.2,8215,"bc"
"slaughterers.2",7.64,5134,17.26,34.8,8215,"bc"
"canners",7.42,1890,72.24,23.2,8221,"bc"
"textile.weavers",6.69,4443,31.36,33.3,8267,"bc"
"textile.labourers",6.74,3485,39.48,28.8,8278,"bc"
"tool.die.makers",10.09,8043,1.5,42.5,8311,"bc"
"machinists",8.81,6686,4.28,44.2,8313,"bc"
"sheet.metal.workers",8.4,6565,2.3,35.9,8333,"bc"
"welders",7.92,6477,5.17,41.8,8335,"bc"
"auto.workers",8.43,5811,13.62,35.9,8513,"bc"
"aircraft.workers",8.78,6573,5.78,43.7,8515,"bc"
"electronic.workers",8.76,3942,74.54,50.8,8534,"bc"
"radio.tv.repairmen",10.29,5449,2.92,37.2,8537,"bc"
"sewing.mach.operators",6.38,2847,90.67,28.2,8563,"bc"
"auto.repairmen",8.1,5795,0.81,38.1,8581,"bc"
"aircraft.repairmen",10.1,7716,0.78,50.3,8582,"bc"
"railway.sectionmen",6.67,4696,0,27.3,8715,"bc"
"electrical.linemen",9.05,8316,1.34,40.9,8731,"bc"
"electricians",9.93,7147,0.99,50.2,8733,"bc"
"construction.foremen",8.24,8880,0.65,51.1,8780,"bc"
"carpenters",6.92,5299,0.56,38.9,8781,"bc"
"masons",6.6,5959,0.52,36.2,8782,"bc"
"house.painters",7.81,4549,2.46,29.9,8785,"bc"
"plumbers",8.33,6928,0.61,42.9,8791,"bc"
"construction.labourers",7.52,3910,1.09,26.5,8798,"bc"
"pilots",12.27,14032,0.58,66.1,9111,"prof"
"train.engineers",8.49,8845,0,48.9,9131,"bc"
"bus.drivers",7.58,5562,9.47,35.9,9171,"bc"
"taxi.drivers",7.93,4224,3.59,25.1,9173,"bc"
"longshoremen",8.37,4753,0,26.1,9313,"bc"
"typesetters",10,6462,13.58,42.2,9511,"bc"
"bookbinders",8.55,3617,70.87,35.2,9517,"bc"
